Project Name,Package Name,Architecture Smell,Cause of the Smell
TrackMate,fiji.plugin.trackmate.action,God Component,The tool detected the smell in this component because the component contains high number of classes. Number of classes in the component are: 62
TrackMate,fiji.plugin.trackmate.action,Unstable Dependency,The tool detected the smell in this component because this component depends on other components that are less stable than itself. This component depends on following less stable component(s): fiji.plugin.trackmate.action.closegaps; fiji.plugin.trackmate.action.fit
TrackMate,fiji.plugin.trackmate.action,Feature Concentration,The tool detected the smell in this component because the component realizes more than one architectural concern/feature. Independent sets of related classes within this component are: [AbstractTMAction; CaptureOverlayAction; CaptureOverlayPanel; ComputeDistanceToRoiAction; CTCExporterAction; ExportAllSpotsStatsAction; ExportStatsTablesAction; ExportTracksToXML; ExtractTrackStackAction; ExtractTrackStackAction.ExtractTrackStackActionFactory; IcyTrackExporter; IJRoiExporter.IJRoiExporterAction; ISBIChallengeExporter; LabelImgExporter; LabelImgExporterPanel; MergeFileAction; MotilityLabExporter; PlotNSpotsVsTimeAction; RecomputeFeatureAction; ResetSpotTimeFeatureAction; TrackBranchAnalysis; TrackMateAction; TrackMateActionFactory; TrimNotVisibleAction; CTCExporter]; [CaptureOverlayAction.Factory]; [ComputeDistanceToRoiAction.Factory]; [ComputeDistanceToRoiAction.DistanceToRoiFeature]; [CTCExporter.ExportType]; [CTCExporterAction.Factory]; [ExportAllSpotsStatsAction.Factory]; [ExportStatsTablesAction.Factory]; [ExportTracksToXML.Factory]; [IcyTrackExporter.Factory]; [IJRoiExporter]; [IJRoiExporter.IJRoiExporterActionFactory]; [ISBIChallengeExporter.Factory]; [LabelImgExporter.Factory]; [LabelImgExporter.SpotWriter]; [LabelImgExporter.SpotRoiWriter]; [LabelImgExporter.SpotAsDotWriter]; [LabelImgExporter.LabelIdPainting]; [LabelImgExporter.IdGenerator]; [LabelImgExporter.AbstractIdGenerator]; [LabelImgExporter.TrackIdGenerator]; [LabelImgExporter.SpotIdGenerator]; [LabelImgExporter.SpotIndexGeneratorUniqueInMovie]; [LabelImgExporter.SpotIndexGeneratorUniqueInFrame]; [MergeFileAction.Factory]; [MotilityLabExporter.MyTableModel]; [MotilityLabExporter.MyTableCellRenderer]; [MotilityLabExporter.Factory]; [PlotNSpotsVsTimeAction.NSpotPerFrameGrapher]; [PlotNSpotsVsTimeAction.NSpotPerFrameDataset]; [PlotNSpotsVsTimeAction.Factory]; [RecomputeFeatureAction.Factory]; [ResetSpotTimeFeatureAction.Factory]; [TrackBranchAnalysis.Factory]; [TrimNotVisibleAction.Factory]; [CloseGapsByLinearInterpolationActionTest]; [CTCExporterTestDrive]; [SpotGaussianFitterExample]. LCC (Lack of Component Cohesion) = 0.61
TrackMate,fiji.plugin.trackmate.action,Scattered Functionality,The tool detected the smell in this component because a set of two or more components realizes the same high-level architectural concern. Following components realize the same concern: fiji.plugin.trackmate; fiji.plugin.trackmate.io.
TrackMate,fiji.plugin.trackmate.action,Scattered Functionality,The tool detected the smell in this component because a set of two or more components realizes the same high-level architectural concern. Following components realize the same concern: fiji.plugin.trackmate.visualization.table; fiji.plugin.trackmate.
TrackMate,fiji.plugin.trackmate.action,Scattered Functionality,The tool detected the smell in this component because a set of two or more components realizes the same high-level architectural concern. Following components realize the same concern: fiji.plugin.trackmate; fiji.plugin.trackmate.action.closegaps.
TrackMate,<All packages>,Dense Structure, The tool detected the smell because all the analyzed components exhibit excessive and dense dependencies among themselves. Average degree = 12.1. All the dependencies among components: from: fiji.plugin.trackmate.action to: fiji.plugin.trackmate; from: fiji.plugin.trackmate.action to: fiji.plugin.trackmate.gui.displaysettings; from: fiji.plugin.trackmate.action to: fiji.plugin.trackmate.visualization.hyperstack; from: fiji.plugin.trackmate.action to: fiji.plugin.trackmate.visualization; from: fiji.plugin.trackmate.action to: fiji.plugin.trackmate.util; from: fiji.plugin.trackmate.action to: fiji.plugin.trackmate.io; from: fiji.plugin.trackmate.action to: fiji.plugin.trackmate.graph; from: fiji.plugin.trackmate.action to: fiji.plugin.trackmate.visualization.table; from: fiji.plugin.trackmate.action to: fiji.plugin.trackmate.visualization.trackscheme; from: fiji.plugin.trackmate.action to: fiji.plugin.trackmate.detection; from: fiji.plugin.trackmate.action to: fiji.plugin.trackmate.gui; from: fiji.plugin.trackmate.action to: fiji.plugin.trackmate.action.closegaps; from: fiji.plugin.trackmate.action to: fiji.plugin.trackmate.gui.wizard; from: fiji.plugin.trackmate.action to: fiji.plugin.trackmate.action.fit; from: fiji.plugin.trackmate.action.autonaming to: fiji.plugin.trackmate; from: fiji.plugin.trackmate.action.autonaming to: fiji.plugin.trackmate.gui.displaysettings; from: fiji.plugin.trackmate.action.autonaming to: fiji.plugin.trackmate.gui; from: fiji.plugin.trackmate.action.autonaming to: fiji.plugin.trackmate.util; from: fiji.plugin.trackmate.action.autonaming to: fiji.plugin.trackmate.graph; from: fiji.plugin.trackmate.action.closegaps to: fiji.plugin.trackmate; from: fiji.plugin.trackmate.action.closegaps to: fiji.plugin.trackmate.gui.displaysettings; from: fiji.plugin.trackmate.action.closegaps to: fiji.plugin.trackmate.gui; from: fiji.plugin.trackmate.action.closegaps to: fiji.plugin.trackmate.io; from: fiji.plugin.trackmate.action.closegaps to: fiji.plugin.trackmate.detection; from: fiji.plugin.trackmate.action.closegaps to: fiji.plugin.trackmate.features.track; from: fiji.plugin.trackmate.action.closegaps to: fiji.plugin.trackmate.util; from: fiji.plugin.trackmate.action.fit to: fiji.plugin.trackmate.util; from: fiji.plugin.trackmate.action.fit to: fiji.plugin.trackmate; from: fiji.plugin.trackmate.action.fit to: fiji.plugin.trackmate.detection; from: fiji.plugin.trackmate.action.fit to: fiji.plugin.trackmate.gui; from: fiji.plugin.trackmate.action.fit to: fiji.plugin.trackmate.gui.displaysettings; from: fiji.plugin.trackmate.detection to: fiji.plugin.trackmate; from: fiji.plugin.trackmate.detection to: fiji.plugin.trackmate.util; from: fiji.plugin.trackmate.detection to: fiji.plugin.trackmate.detection.util; from: fiji.plugin.trackmate.detection to: fiji.plugin.trackmate.gui.components; from: fiji.plugin.trackmate.detection to: fiji.plugin.trackmate.io; from: fiji.plugin.trackmate.detection to: fiji.plugin.trackmate.gui.displaysettings; from: fiji.plugin.trackmate.detection to: fiji.plugin.trackmate.visualization.hyperstack; from: fiji.plugin.trackmate.detection to: fiji.plugin.trackmate.gui; from: fiji.plugin.trackmate.detection to: fiji.plugin.trackmate.features; from: fiji.plugin.trackmate.detection.semiauto to: fiji.plugin.trackmate; from: fiji.plugin.trackmate.detection.semiauto to: fiji.plugin.trackmate.util; from: fiji.plugin.trackmate.detection.semiauto to: fiji.plugin.trackmate.detection; from: fiji.plugin.trackmate to: fiji.plugin.trackmate.features.edges; from: fiji.plugin.trackmate to: fiji.plugin.trackmate.features.track; from: fiji.plugin.trackmate to: fiji.plugin.trackmate.io; from: fiji.plugin.trackmate to: fiji.plugin.trackmate.gui.displaysettings; from: fiji.plugin.trackmate to: fiji.plugin.trackmate.visualization; from: fiji.plugin.trackmate to: fiji.plugin.trackmate.gui.wizard; from: fiji.plugin.trackmate to: fiji.plugin.trackmate.gui.wizard.descriptors; from: fiji.plugin.trackmate to: fiji.plugin.trackmate.gui.components; from: fiji.plugin.trackmate to: fiji.plugin.trackmate.util; from: fiji.plugin.trackmate to: fiji.plugin.trackmate.gui; from: fiji.plugin.trackmate to: fiji.plugin.trackmate.visualization.hyperstack; from: fiji.plugin.trackmate to: fiji.plugin.trackmate.detection; from: fiji.plugin.trackmate to: fiji.plugin.trackmate.tracking.manual; from: fiji.plugin.trackmate to: fiji.plugin.trackmate.tracking; from: fiji.plugin.trackmate to: fiji.plugin.trackmate.providers; from: fiji.plugin.trackmate to: fiji.plugin.trackmate.features.spot; from: fiji.plugin.trackmate to: fiji.plugin.trackmate.features; from: fiji.plugin.trackmate to: fiji.plugin.trackmate.action; from: fiji.plugin.trackmate to: fiji.plugin.trackmate.graph; from: fiji.plugin.trackmate.features to: fiji.plugin.trackmate; from: fiji.plugin.trackmate.features to: fiji.plugin.trackmate.util; from: fiji.plugin.trackmate.features to: fiji.plugin.trackmate.gui.displaysettings; from: fiji.plugin.trackmate.features to: fiji.plugin.trackmate.visualization; from: fiji.plugin.trackmate.features to: fiji.plugin.trackmate.features.manual; from: fiji.plugin.trackmate.features to: fiji.plugin.trackmate.features.track; from: fiji.plugin.trackmate.features to: fiji.plugin.trackmate.features.spot; from: fiji.plugin.trackmate.features to: fiji.plugin.trackmate.io; from: fiji.plugin.trackmate.features to: fiji.plugin.trackmate.providers; from: fiji.plugin.trackmate.features.edges to: fiji.plugin.trackmate; from: fiji.plugin.trackmate.features.edges to: fiji.plugin.trackmate.util; from: fiji.plugin.trackmate.features.manual to: fiji.plugin.trackmate; from: fiji.plugin.trackmate.features.manual to: fiji.plugin.trackmate.features.spot; from: fiji.plugin.trackmate.features.spot to: fiji.plugin.trackmate; from: fiji.plugin.trackmate.features.spot to: fiji.plugin.trackmate.util; from: fiji.plugin.trackmate.features.spot to: fiji.plugin.trackmate.detection; from: fiji.plugin.trackmate.features.track to: fiji.plugin.trackmate; from: fiji.plugin.trackmate.features.track to: fiji.plugin.trackmate.util; from: fiji.plugin.trackmate.features.track to: fiji.plugin.trackmate.features.edges; from: fiji.plugin.trackmate.graph to: fiji.plugin.trackmate; from: fiji.plugin.trackmate.graph to: fiji.plugin.trackmate.visualization.trackscheme; from: fiji.plugin.trackmate.graph to: fiji.plugin.trackmate.gui.displaysettings; from: fiji.plugin.trackmate.gui.components to: fiji.plugin.trackmate.providers; from: fiji.plugin.trackmate.gui.components to: fiji.plugin.trackmate; from: fiji.plugin.trackmate.gui.components to: fiji.plugin.trackmate.gui.displaysettings; from: fiji.plugin.trackmate.gui.components to: fiji.plugin.trackmate.action; from: fiji.plugin.trackmate.gui.components to: fiji.plugin.trackmate.util; from: fiji.plugin.trackmate.gui.components to: fiji.plugin.trackmate.gui; from: fiji.plugin.trackmate.gui.components to: fiji.plugin.trackmate.features; from: fiji.plugin.trackmate.gui.components to: fiji.plugin.trackmate.features.track; from: fiji.plugin.trackmate.gui.components to: fiji.plugin.trackmate.features.manual; from: fiji.plugin.trackmate.gui.components.detector to: fiji.plugin.trackmate; from: fiji.plugin.trackmate.gui.components.detector to: fiji.plugin.trackmate.detection; from: fiji.plugin.trackmate.gui.components.detector to: fiji.plugin.trackmate.util; from: fiji.plugin.trackmate.gui.components.detector to: fiji.plugin.trackmate.gui; from: fiji.plugin.trackmate.gui.components.tracker to: fiji.plugin.trackmate.gui; from: fiji.plugin.trackmate.gui.components.tracker to: fiji.plugin.trackmate.tracking.jaqaman; from: fiji.plugin.trackmate.gui.components.tracker to: fiji.plugin.trackmate.tracking.overlap; from: fiji.plugin.trackmate.gui.displaysettings to: fiji.plugin.trackmate.features.track; from: fiji.plugin.trackmate.gui.displaysettings to: fiji.plugin.trackmate.gui.components; from: fiji.plugin.trackmate.gui.displaysettings to: fiji.plugin.trackmate; from: fiji.plugin.trackmate.gui.displaysettings to: fiji.plugin.trackmate.gui; from: fiji.plugin.trackmate.gui.editor to: fiji.plugin.trackmate.util; from: fiji.plugin.trackmate.gui.editor to: fiji.plugin.trackmate; from: fiji.plugin.trackmate.gui.editor to: fiji.plugin.trackmate.gui.displaysettings; from: fiji.plugin.trackmate.gui.editor to: fiji.plugin.trackmate.detection; from: fiji.plugin.trackmate.gui.editor to: fiji.plugin.trackmate.visualization; from: fiji.plugin.trackmate.gui.editor to: fiji.plugin.trackmate.features; from: fiji.plugin.trackmate.gui.editor to: fiji.plugin.trackmate.gui; from: fiji.plugin.trackmate.gui to: fiji.plugin.trackmate.util; from: fiji.plugin.trackmate.gui.wizard to: fiji.plugin.trackmate; from: fiji.plugin.trackmate.gui.wizard to: fiji.plugin.trackmate.gui.displaysettings; from: fiji.plugin.trackmate.gui.wizard to: fiji.plugin.trackmate.gui.wizard.descriptors; from: fiji.plugin.trackmate.gui.wizard to: fiji.plugin.trackmate.features; from: fiji.plugin.trackmate.gui.wizard to: fiji.plugin.trackmate.gui.components; from: fiji.plugin.trackmate.gui.wizard to: fiji.plugin.trackmate.gui.editor; from: fiji.plugin.trackmate.gui.wizard to: fiji.plugin.trackmate.detection; from: fiji.plugin.trackmate.gui.wizard to: fiji.plugin.trackmate.tracking; from: fiji.plugin.trackmate.gui.wizard to: fiji.plugin.trackmate.action; from: fiji.plugin.trackmate.gui.wizard to: fiji.plugin.trackmate.util; from: fiji.plugin.trackmate.gui.wizard to: fiji.plugin.trackmate.tracking.manual; from: fiji.plugin.trackmate.gui.wizard.descriptors to: fiji.plugin.trackmate.providers; from: fiji.plugin.trackmate.gui.wizard.descriptors to: fiji.plugin.trackmate; from: fiji.plugin.trackmate.gui.wizard.descriptors to: fiji.plugin.trackmate.gui.displaysettings; from: fiji.plugin.trackmate.gui.wizard.descriptors to: fiji.plugin.trackmate.gui.components; from: fiji.plugin.trackmate.gui.wizard.descriptors to: fiji.plugin.trackmate.detection; from: fiji.plugin.trackmate.gui.wizard.descriptors to: fiji.plugin.trackmate.io; from: fiji.plugin.trackmate.gui.wizard.descriptors to: fiji.plugin.trackmate.tracking; from: fiji.plugin.trackmate.gui.wizard.descriptors to: fiji.plugin.trackmate.tracking.jaqaman; from: fiji.plugin.trackmate.gui.wizard.descriptors to: fiji.plugin.trackmate.features; from: fiji.plugin.trackmate.gui.wizard.descriptors to: fiji.plugin.trackmate.gui.wizard; from: fiji.plugin.trackmate.gui.wizard.descriptors to: fiji.plugin.trackmate.util; from: fiji.plugin.trackmate.gui.wizard.descriptors to: fiji.plugin.trackmate.features.track; from: fiji.plugin.trackmate.io to: fiji.plugin.trackmate; from: fiji.plugin.trackmate.io to: fiji.plugin.trackmate.util; from: fiji.plugin.trackmate.io to: fiji.plugin.trackmate.graph; from: fiji.plugin.trackmate.io to: fiji.plugin.trackmate.detection; from: fiji.plugin.trackmate.io to: fiji.plugin.trackmate.tracking.jaqaman; from: fiji.plugin.trackmate.io to: fiji.plugin.trackmate.gui.displaysettings; from: fiji.plugin.trackmate.io to: fiji.plugin.trackmate.providers; from: fiji.plugin.trackmate.io to: fiji.plugin.trackmate.visualization; from: fiji.plugin.trackmate.io to: fiji.plugin.trackmate.features; from: fiji.plugin.trackmate.io to: fiji.plugin.trackmate.tracking; from: fiji.plugin.trackmate.io to: fiji.plugin.trackmate.features.spot; from: fiji.plugin.trackmate.io to: fiji.plugin.trackmate.features.edges; from: fiji.plugin.trackmate.io to: fiji.plugin.trackmate.features.track; from: fiji.plugin.trackmate.io to: fiji.plugin.trackmate.gui.wizard.descriptors; from: fiji.plugin.trackmate.io to: fiji.plugin.trackmate.visualization.trackscheme; from: fiji.plugin.trackmate.providers to: fiji.plugin.trackmate.util; from: fiji.plugin.trackmate.providers to: fiji.plugin.trackmate.features.spot; from: fiji.plugin.trackmate.tracking.jaqaman.costfunction to: fiji.plugin.trackmate; from: fiji.plugin.trackmate.tracking.jaqaman.costmatrix to: fiji.plugin.trackmate; from: fiji.plugin.trackmate.tracking.jaqaman.costmatrix to: fiji.plugin.trackmate.tracking.jaqaman.costfunction; from: fiji.plugin.trackmate.tracking.jaqaman.costmatrix to: fiji.plugin.trackmate.util; from: fiji.plugin.trackmate.tracking.jaqaman.costmatrix to: fiji.plugin.trackmate.tracking.jaqaman; from: fiji.plugin.trackmate.tracking.jaqaman to: fiji.plugin.trackmate.tracking.jaqaman.costmatrix; from: fiji.plugin.trackmate.tracking.jaqaman to: fiji.plugin.trackmate; from: fiji.plugin.trackmate.tracking.jaqaman to: fiji.plugin.trackmate.util; from: fiji.plugin.trackmate.tracking.jaqaman to: fiji.plugin.trackmate.io; from: fiji.plugin.trackmate.tracking.jaqaman to: fiji.plugin.trackmate.gui.components; from: fiji.plugin.trackmate.tracking.jaqaman to: fiji.plugin.trackmate.tracking.jaqaman.costfunction; from: fiji.plugin.trackmate.tracking.jaqaman to: fiji.plugin.trackmate.tracking; from: fiji.plugin.trackmate.tracking.kalman to: fiji.plugin.trackmate; from: fiji.plugin.trackmate.tracking.kalman to: fiji.plugin.trackmate.tracking.jaqaman; from: fiji.plugin.trackmate.tracking.kalman to: fiji.plugin.trackmate.util; from: fiji.plugin.trackmate.tracking.kalman to: fiji.plugin.trackmate.tracking; from: fiji.plugin.trackmate.tracking.kalman to: fiji.plugin.trackmate.io; from: fiji.plugin.trackmate.tracking.kalman to: fiji.plugin.trackmate.gui.components; from: fiji.plugin.trackmate.tracking.kalman to: fiji.plugin.trackmate.tracking.jaqaman.costfunction; from: fiji.plugin.trackmate.tracking.kalman to: fiji.plugin.trackmate.tracking.jaqaman.costmatrix; from: fiji.plugin.trackmate.tracking.kalman to: fiji.plugin.trackmate.features.track; from: fiji.plugin.trackmate.tracking.kalman to: fiji.plugin.trackmate.gui.displaysettings; from: fiji.plugin.trackmate.tracking.kalman to: fiji.plugin.trackmate.visualization.hyperstack; from: fiji.plugin.trackmate.tracking.kalman to: fiji.plugin.trackmate.visualization.trackscheme; from: fiji.plugin.trackmate.tracking.kdtree to: fiji.plugin.trackmate; from: fiji.plugin.trackmate.tracking.kdtree to: fiji.plugin.trackmate.util; from: fiji.plugin.trackmate.tracking.kdtree to: fiji.plugin.trackmate.tracking; from: fiji.plugin.trackmate.tracking.kdtree to: fiji.plugin.trackmate.gui.components; from: fiji.plugin.trackmate.tracking.kdtree to: fiji.plugin.trackmate.io; from: fiji.plugin.trackmate.tracking.manual to: fiji.plugin.trackmate; from: fiji.plugin.trackmate.tracking.manual to: fiji.plugin.trackmate.tracking; from: fiji.plugin.trackmate.tracking.manual to: fiji.plugin.trackmate.gui.components; from: fiji.plugin.trackmate.tracking.overlap to: fiji.plugin.trackmate; from: fiji.plugin.trackmate.tracking.overlap to: fiji.plugin.trackmate.util; from: fiji.plugin.trackmate.tracking.overlap to: fiji.plugin.trackmate.tracking; from: fiji.plugin.trackmate.tracking.overlap to: fiji.plugin.trackmate.gui.components; from: fiji.plugin.trackmate.tracking.overlap to: fiji.plugin.trackmate.io; from: fiji.plugin.trackmate.tracking to: fiji.plugin.trackmate; from: fiji.plugin.trackmate.tracking to: fiji.plugin.trackmate.gui.components; from: fiji.plugin.trackmate.util to: fiji.plugin.trackmate; from: fiji.plugin.trackmate.util to: fiji.plugin.trackmate.detection; from: fiji.plugin.trackmate.util to: fiji.plugin.trackmate.features; from: fiji.plugin.trackmate.util to: fiji.plugin.trackmate.gui; from: fiji.plugin.trackmate.util to: fiji.plugin.trackmate.visualization.table; from: fiji.plugin.trackmate.util to: fiji.plugin.trackmate.tracking.kdtree; from: fiji.plugin.trackmate.util to: fiji.plugin.trackmate.gui.components; from: fiji.plugin.trackmate.util to: fiji.plugin.trackmate.graph; from: fiji.plugin.trackmate.util.cli to: fiji.plugin.trackmate.gui.displaysettings; from: fiji.plugin.trackmate.util.cli to: fiji.plugin.trackmate.util; from: fiji.plugin.trackmate.util.cli to: fiji.plugin.trackmate.gui; from: fiji.plugin.trackmate.util.cli to: fiji.plugin.trackmate; from: fiji.plugin.trackmate.visualization to: fiji.plugin.trackmate; from: fiji.plugin.trackmate.visualization to: fiji.plugin.trackmate.gui.displaysettings; from: fiji.plugin.trackmate.visualization to: fiji.plugin.trackmate.features.manual; from: fiji.plugin.trackmate.visualization to: fiji.plugin.trackmate.features.track; from: fiji.plugin.trackmate.visualization.hyperstack to: fiji.plugin.trackmate; from: fiji.plugin.trackmate.visualization.hyperstack to: fiji.plugin.trackmate.gui.displaysettings; from: fiji.plugin.trackmate.visualization.hyperstack to: fiji.plugin.trackmate.visualization; from: fiji.plugin.trackmate.visualization.hyperstack to: fiji.plugin.trackmate.util; from: fiji.plugin.trackmate.visualization.hyperstack to: fiji.plugin.trackmate.detection.semiauto; from: fiji.plugin.trackmate.visualization.hyperstack to: fiji.plugin.trackmate.features; from: fiji.plugin.trackmate.visualization.table to: fiji.plugin.trackmate; from: fiji.plugin.trackmate.visualization.table to: fiji.plugin.trackmate.gui.displaysettings; from: fiji.plugin.trackmate.visualization.table to: fiji.plugin.trackmate.visualization.trackscheme.utils; from: fiji.plugin.trackmate.visualization.table to: fiji.plugin.trackmate.util; from: fiji.plugin.trackmate.visualization.table to: fiji.plugin.trackmate.features; from: fiji.plugin.trackmate.visualization.table to: fiji.plugin.trackmate.features.manual; from: fiji.plugin.trackmate.visualization.table to: fiji.plugin.trackmate.graph; from: fiji.plugin.trackmate.visualization.table to: fiji.plugin.trackmate.visualization; from: fiji.plugin.trackmate.visualization.table to: fiji.plugin.trackmate.io; from: fiji.plugin.trackmate.visualization.trackscheme to: fiji.plugin.trackmate; from: fiji.plugin.trackmate.visualization.trackscheme to: fiji.plugin.trackmate.util; from: fiji.plugin.trackmate.visualization.trackscheme to: fiji.plugin.trackmate.gui.displaysettings; from: fiji.plugin.trackmate.visualization.trackscheme to: fiji.plugin.trackmate.visualization; from: fiji.plugin.trackmate.visualization.trackscheme to: fiji.plugin.trackmate.graph; from: fiji.plugin.trackmate.visualization.trackscheme to: fiji.plugin.trackmate.features.manual; from: fiji.plugin.trackmate.visualization.trackscheme to: fiji.plugin.trackmate.features; from: fiji.plugin.trackmate.visualization.trackscheme.utils to: fiji.plugin.trackmate; from: fiji.plugin.trackmate.visualization.trackscheme.utils to: fiji.plugin.trackmate.visualization; from: fiji.plugin.trackmate.features.edge to: fiji.plugin.trackmate; from: fiji.plugin.trackmate.features.edge to: fiji.plugin.trackmate.features.edges; from: fiji.plugin.trackmate.interactivetests to: fiji.plugin.trackmate; from: fiji.plugin.trackmate.interactivetests to: fiji.plugin.trackmate.providers; from: fiji.plugin.trackmate.interactivetests to: fiji.plugin.trackmate.detection; from: fiji.plugin.trackmate.interactivetests to: fiji.plugin.trackmate.util; from: fiji.plugin.trackmate.interactivetests to: fiji.plugin.trackmate.graph; from: fiji.plugin.trackmate.interactivetests to: fiji.plugin.trackmate.io; from: fiji.plugin.trackmate.interactivetests to: fiji.plugin.trackmate.gui.displaysettings; from: fiji.plugin.trackmate.interactivetests to: fiji.plugin.trackmate.visualization.hyperstack; from: fiji.plugin.trackmate.interactivetests to: fiji.plugin.trackmate.visualization.trackscheme; from: fiji.plugin.trackmate.interactivetests to: fiji.plugin.trackmate.tracking.kdtree; from: fiji.plugin.trackmate.interactivetests to: fiji.plugin.trackmate.visualization; from: fiji.plugin.trackmate.interactivetests to: fiji.plugin.trackmate.features; from: fiji.plugin.trackmate.interactivetests to: fiji.plugin.trackmate.features.track; from: fiji.plugin.trackmate.interactivetests to: fiji.plugin.trackmate.features.edges; from: fiji.plugin.trackmate.tracking.sparselap to: fiji.plugin.trackmate.tracking.jaqaman.costmatrix; from: fiji.plugin.trackmate.tracking.sparselap to: fiji.plugin.trackmate.tracking.jaqaman; from: fiji.plugin.trackmate.tracking.sparselap to: fiji.plugin.trackmate.io; from: fiji.plugin.trackmate.tracking.sparselap to: fiji.plugin.trackmate; from: fiji.plugin.trackmate.tracking.sparselap to: fiji.plugin.trackmate.gui.displaysettings; from: fiji.plugin.trackmate.tracking.sparselap to: fiji.plugin.trackmate.visualization.hyperstack; from: fiji.plugin.trackmate.tracking.sparselap to: fiji.plugin.trackmate.visualization.trackscheme.
TrackMate,fiji.plugin.trackmate.action.autonaming,Feature Concentration,The tool detected the smell in this component because the component realizes more than one architectural concern/feature. Independent sets of related classes within this component are: [AutoNamingAction; AutoNamingController; AutoNamingPanel; AutoNamingPerformer; AutoNamingRule; CopyTrackNameNamingRule; DefaultAutoNamingRule]; [AutoNamingAction.Factory]. LCC (Lack of Component Cohesion) = 0.25
TrackMate,fiji.plugin.trackmate.action.closegaps,Feature Concentration,The tool detected the smell in this component because the component realizes more than one architectural concern/feature. Independent sets of related classes within this component are: [CloseGapsAction; CloseGapsController; CloseGapsPanel; GapClosingMethod; CloseGapsByDetection; CloseGapsByLinearInterpolation]; [CloseGapsAction.Factory]; [GapClosingMethod.GapClosingParameter]. LCC (Lack of Component Cohesion) = 0.38
TrackMate,fiji.plugin.trackmate.action.fit,Feature Concentration,The tool detected the smell in this component because the component realizes more than one architectural concern/feature. Independent sets of related classes within this component are: [AbstractSpotFitter; SpotFitter; SpotFitterController; SpotFitterPanel; SpotGaussianFitter2D; SpotGaussianFitter2DFixedRadius; SpotGaussianFitter3D; SpotGaussianFitter3DFixedRadius; SpotGaussianFittingAction]; [AbstractSpotFitter.Observation]; [SpotGaussianFitter2D.MyGaussian2D]; [SpotGaussianFitter2DFixedRadius.MyGaussian2D]; [SpotGaussianFitter3D.MyGaussian3D]; [SpotGaussianFitter3DFixedRadius.MyGaussian3D]; [SpotGaussianFittingAction.Factory]. LCC (Lack of Component Cohesion) = 0.47
TrackMate,fiji.plugin.trackmate.action.fit,Scattered Functionality,The tool detected the smell in this component because a set of two or more components realizes the same high-level architectural concern. Following components realize the same concern: fiji.plugin.trackmate; fiji.plugin.trackmate.util.
TrackMate,fiji.plugin.trackmate.detection,Unstable Dependency,The tool detected the smell in this component because this component depends on other components that are less stable than itself. This component depends on following less stable component(s): fiji.plugin.trackmate.gui.components; fiji.plugin.trackmate.io; fiji.plugin.trackmate.visualization.hyperstack; fiji.plugin.trackmate.features
TrackMate,fiji.plugin.trackmate.detection,Feature Concentration,The tool detected the smell in this component because the component realizes more than one architectural concern/feature. Independent sets of related classes within this component are: [DetectionUtils; HessianDetector; HessianDetectorFactory; LabelImageDetector; LabelImageDetectorFactory; LogDetector; LogDetectorFactory; SpotDetector; SpotDetectorFactory; SpotDetectorFactoryBase; SpotGlobalDetectorFactory; ThresholdDetector; ThresholdDetectorFactory; HessianDetectorTestDrive1; DogDetector; DogDetectorFactory; ManualDetectorFactory; MaskDetectorFactory; SpotGlobalDetector]; [DetectorKeys]; [MaskUtils]; [MaskUtils.Outline]; [HessianDetectorTestDrive2]. LCC (Lack of Component Cohesion) = 0.22
TrackMate,fiji.plugin.trackmate,God Component,The tool detected the smell in this component because the component contains high number of classes. Number of classes in the component are: 48
TrackMate,fiji.plugin.trackmate,Unstable Dependency,The tool detected the smell in this component because this component depends on other components that are less stable than itself. This component depends on following less stable component(s): fiji.plugin.trackmate.features.edges; fiji.plugin.trackmate.features.track; fiji.plugin.trackmate.io; fiji.plugin.trackmate.visualization; fiji.plugin.trackmate.gui.wizard; fiji.plugin.trackmate.gui.wizard.descriptors; fiji.plugin.trackmate.gui.components; fiji.plugin.trackmate.util; fiji.plugin.trackmate.visualization.hyperstack; fiji.plugin.trackmate.detection; fiji.plugin.trackmate.tracking.manual; fiji.plugin.trackmate.tracking; fiji.plugin.trackmate.providers; fiji.plugin.trackmate.features.spot; fiji.plugin.trackmate.features; fiji.plugin.trackmate.action; fiji.plugin.trackmate.graph
TrackMate,fiji.plugin.trackmate,Feature Concentration,The tool detected the smell in this component because the component realizes more than one architectural concern/feature. Independent sets of related classes within this component are: [Dimension; FeatureModel; Model; ModelChangeEvent; ModelChangeListener; SelectionModel; Spot; SpotCollection; SpotCollection.AllSpotsIterator; SpotCollection.VisibleSpotsIterator; SpotCollection.VisibleSpotsFrameIterator; SpotRoi; TrackMate; TrackMatePlugIn; TrackMateRunner; TrackMateService; TrackModel; ModelTest; ModelTest.EventLogger; SpotCollectionTest; TestCopy; TrackMatePluginTest; TrackMatePluginTest.TestTrackMatePlugin; TrackModelTest; LoadTrackMatePlugIn; Logger; Logger.StringBuilderLogger; Logger.SlaveLogger; Logger.ImageJLogger; Logger.ImageJToolbarLogger; Logger.VoidLogger; Logger.DefaultLogger; Settings; ManualTrackingPlugIn; SelectionChangeEvent; SelectionChangeListener]; [SpotCollection.WholeCollectionIterable]; [SpotCollection.FrameVisibleIterable]; [TrackMateModule]; [TrackMateRunner.FilterGenerator]; [TrackMateRunner.FilterAboveGenerator]; [TrackMateRunner.MacroArgumentConverter]; [TrackMateRunner.DoubleMacroArgumentConverter]; [TrackMateRunner.IntegerMacroArgumentConverter]; [TrackMateRunner.BooleanMacroArgumentConverter]; [TrackModel.MyTraversalListener]; [TrackModel.MyGraphListener]; [TrackModel.DefaultNameGenerator]. LCC (Lack of Component Cohesion) = 0.27
TrackMate,fiji.plugin.trackmate,Scattered Functionality,The tool detected the smell in this component because a set of two or more components realizes the same high-level architectural concern. Following components realize the same concern: fiji.plugin.trackmate.tracking; fiji.plugin.trackmate.detection.
TrackMate,fiji.plugin.trackmate,Cyclic Dependency,The tool detected the smell in this component because this component participates in a cyclic dependency. The participating components in the cycle are: fiji.plugin.trackmate; fiji.plugin.trackmate.features.edges; fiji.plugin.trackmate
TrackMate,fiji.plugin.trackmate,Cyclic Dependency,The tool detected the smell in this component because this component participates in a cyclic dependency. The participating components in the cycle are: fiji.plugin.trackmate; fiji.plugin.trackmate.features.track; fiji.plugin.trackmate
TrackMate,fiji.plugin.trackmate,Cyclic Dependency,The tool detected the smell in this component because this component participates in a cyclic dependency. The participating components in the cycle are: fiji.plugin.trackmate; fiji.plugin.trackmate.io; fiji.plugin.trackmate
TrackMate,fiji.plugin.trackmate,Cyclic Dependency,The tool detected the smell in this component because this component participates in a cyclic dependency. The participating components in the cycle are: fiji.plugin.trackmate; fiji.plugin.trackmate.gui.displaysettings; fiji.plugin.trackmate
TrackMate,fiji.plugin.trackmate,Cyclic Dependency,The tool detected the smell in this component because this component participates in a cyclic dependency. The participating components in the cycle are: fiji.plugin.trackmate; fiji.plugin.trackmate.visualization; fiji.plugin.trackmate
TrackMate,fiji.plugin.trackmate,Cyclic Dependency,The tool detected the smell in this component because this component participates in a cyclic dependency. The participating components in the cycle are: fiji.plugin.trackmate; fiji.plugin.trackmate.gui.wizard; fiji.plugin.trackmate
TrackMate,fiji.plugin.trackmate,Cyclic Dependency,The tool detected the smell in this component because this component participates in a cyclic dependency. The participating components in the cycle are: fiji.plugin.trackmate; fiji.plugin.trackmate.gui.wizard.descriptors; fiji.plugin.trackmate
TrackMate,fiji.plugin.trackmate,Cyclic Dependency,The tool detected the smell in this component because this component participates in a cyclic dependency. The participating components in the cycle are: fiji.plugin.trackmate; fiji.plugin.trackmate.gui.components; fiji.plugin.trackmate
TrackMate,fiji.plugin.trackmate,Cyclic Dependency,The tool detected the smell in this component because this component participates in a cyclic dependency. The participating components in the cycle are: fiji.plugin.trackmate; fiji.plugin.trackmate.util; fiji.plugin.trackmate
TrackMate,fiji.plugin.trackmate,Cyclic Dependency,The tool detected the smell in this component because this component participates in a cyclic dependency. The participating components in the cycle are: fiji.plugin.trackmate; fiji.plugin.trackmate.visualization.hyperstack; fiji.plugin.trackmate
TrackMate,fiji.plugin.trackmate,Cyclic Dependency,The tool detected the smell in this component because this component participates in a cyclic dependency. The participating components in the cycle are: fiji.plugin.trackmate; fiji.plugin.trackmate.detection; fiji.plugin.trackmate
TrackMate,fiji.plugin.trackmate,Cyclic Dependency,The tool detected the smell in this component because this component participates in a cyclic dependency. The participating components in the cycle are: fiji.plugin.trackmate; fiji.plugin.trackmate.tracking.manual; fiji.plugin.trackmate
TrackMate,fiji.plugin.trackmate,Cyclic Dependency,The tool detected the smell in this component because this component participates in a cyclic dependency. The participating components in the cycle are: fiji.plugin.trackmate; fiji.plugin.trackmate.tracking; fiji.plugin.trackmate
TrackMate,fiji.plugin.trackmate,Cyclic Dependency,The tool detected the smell in this component because this component participates in a cyclic dependency. The participating components in the cycle are: fiji.plugin.trackmate; fiji.plugin.trackmate.features.spot; fiji.plugin.trackmate
TrackMate,fiji.plugin.trackmate,Cyclic Dependency,The tool detected the smell in this component because this component participates in a cyclic dependency. The participating components in the cycle are: fiji.plugin.trackmate; fiji.plugin.trackmate.features; fiji.plugin.trackmate
TrackMate,fiji.plugin.trackmate,Cyclic Dependency,The tool detected the smell in this component because this component participates in a cyclic dependency. The participating components in the cycle are: fiji.plugin.trackmate; fiji.plugin.trackmate.action; fiji.plugin.trackmate
TrackMate,fiji.plugin.trackmate,Cyclic Dependency,The tool detected the smell in this component because this component participates in a cyclic dependency. The participating components in the cycle are: fiji.plugin.trackmate; fiji.plugin.trackmate.graph; fiji.plugin.trackmate
TrackMate,fiji.plugin.trackmate,Cyclic Dependency,The tool detected the smell in this component because this component participates in a cyclic dependency. The participating components in the cycle are: fiji.plugin.trackmate; fiji.plugin.trackmate.visualization; fiji.plugin.trackmate.features.manual; fiji.plugin.trackmate
TrackMate,fiji.plugin.trackmate,Cyclic Dependency,The tool detected the smell in this component because this component participates in a cyclic dependency. The participating components in the cycle are: fiji.plugin.trackmate; fiji.plugin.trackmate.gui.wizard; fiji.plugin.trackmate.gui.editor; fiji.plugin.trackmate
TrackMate,fiji.plugin.trackmate,Cyclic Dependency,The tool detected the smell in this component because this component participates in a cyclic dependency. The participating components in the cycle are: fiji.plugin.trackmate; fiji.plugin.trackmate.visualization.hyperstack; fiji.plugin.trackmate.detection.semiauto; fiji.plugin.trackmate
TrackMate,fiji.plugin.trackmate,Cyclic Dependency,The tool detected the smell in this component because this component participates in a cyclic dependency. The participating components in the cycle are: fiji.plugin.trackmate; fiji.plugin.trackmate.providers; fiji.plugin.trackmate.util; fiji.plugin.trackmate
TrackMate,fiji.plugin.trackmate,Cyclic Dependency,The tool detected the smell in this component because this component participates in a cyclic dependency. The participating components in the cycle are: fiji.plugin.trackmate; fiji.plugin.trackmate.action; fiji.plugin.trackmate.action.closegaps; fiji.plugin.trackmate
TrackMate,fiji.plugin.trackmate,Cyclic Dependency,The tool detected the smell in this component because this component participates in a cyclic dependency. The participating components in the cycle are: fiji.plugin.trackmate; fiji.plugin.trackmate.action; fiji.plugin.trackmate.action.fit; fiji.plugin.trackmate
TrackMate,fiji.plugin.trackmate,Cyclic Dependency,The tool detected the smell in this component because this component participates in a cyclic dependency. The participating components in the cycle are: fiji.plugin.trackmate; fiji.plugin.trackmate.io; fiji.plugin.trackmate.tracking.jaqaman; fiji.plugin.trackmate.tracking.jaqaman.costfunction; fiji.plugin.trackmate
TrackMate,fiji.plugin.trackmate,Cyclic Dependency,The tool detected the smell in this component because this component participates in a cyclic dependency. The participating components in the cycle are: fiji.plugin.trackmate; fiji.plugin.trackmate.util; fiji.plugin.trackmate.visualization.table; fiji.plugin.trackmate.visualization.trackscheme.utils; fiji.plugin.trackmate
TrackMate,fiji.plugin.trackmate.features,Unstable Dependency,The tool detected the smell in this component because this component depends on other components that are less stable than itself. This component depends on following less stable component(s): fiji.plugin.trackmate.features.spot
TrackMate,fiji.plugin.trackmate.features,Feature Concentration,The tool detected the smell in this component because the component realizes more than one architectural concern/feature. Independent sets of related classes within this component are: [AbstractFeatureGrapher; EdgeFeatureGrapher; ModelDataset; SpotCollectionDataset; SpotFeatureGrapher; TrackCollectionDataset; TrackFeatureGrapher; EdgeCollectionDataset]; [EdgeCollectionDataset.MyXYItemRenderer]; [EdgeFeatureCalculator; ModelFeatureUpdater; SpotFeatureCalculator; TrackFeatureCalculator]; [FeatureAnalyzer]; [FeatureFilter]; [FeatureUtils]; [ModelDataset.DataItem]; [SpotCollectionDataset.MyXYItemRenderer]; [TrackCollectionDataset.MyXYItemRenderer]; [SpotFeatureComputationBenchmark]. LCC (Lack of Component Cohesion) = 0.5
TrackMate,fiji.plugin.trackmate.features.edges,Feature Concentration,The tool detected the smell in this component because the component realizes more than one architectural concern/feature. Independent sets of related classes within this component are: [AbstractEdgeAnalyzer]; [DirectionalChangeAnalyzer]; [EdgeAnalyzer]; [EdgeSpeedAnalyzer]; [EdgeTargetAnalyzer]; [EdgeTimeLocationAnalyzer]. LCC (Lack of Component Cohesion) = 1.0
TrackMate,fiji.plugin.trackmate.features.manual,Unstable Dependency,The tool detected the smell in this component because this component depends on other components that are less stable than itself. This component depends on following less stable component(s): fiji.plugin.trackmate.features.spot
TrackMate,fiji.plugin.trackmate.features.track,Feature Concentration,The tool detected the smell in this component because the component realizes more than one architectural concern/feature. Independent sets of related classes within this component are: [AbstractTrackAnalyzer]; [TrackAnalyzer]; [TrackBranchingAnalyzer; TrackBranchingAnalyzerTest]; [TrackDurationAnalyzer; TrackMotilityAnalyzer; TrackSpeedStatisticsAnalyzer; TrackDurationAnalyzerTest; TrackSpeedStatisticsAnalyzerTest]; [TrackIndexAnalyzer; TrackIndexAnalyzerTest]; [TrackLocationAnalyzer; TrackLocationAnalyzerTest]; [TrackSpotQualityFeatureAnalyzer]; [TrackBranchingAnalyzerTest.TestTrackBranchingAnalyzer]; [TrackDurationAnalyzerTest.TestTrackDurationAnalyzer]; [TrackIndexAnalyzerTest.TestTrackIndexAnalyzer]; [TrackLocationAnalyzerTest.TestTrackLocationAnalyzer]; [TrackSpeedStatisticsAnalyzerTest.TestTrackSpeedStatisticsAnalyzer]. LCC (Lack of Component Cohesion) = 0.63
TrackMate,fiji.plugin.trackmate.graph,Unstable Dependency,The tool detected the smell in this component because this component depends on other components that are less stable than itself. This component depends on following less stable component(s): fiji.plugin.trackmate.visualization.trackscheme
TrackMate,fiji.plugin.trackmate.graph,Feature Concentration,The tool detected the smell in this component because the component realizes more than one architectural concern/feature. Independent sets of related classes within this component are: [ConvexBranchesDecomposition; TimeDirectedNeighborIndex; ConvexBranchDecompositionDebug; Function1; GraphUtils; RecursiveCumSum; SortedDepthFirstIterator; TimeDirectedDepthFirstIterator; TimeDirectedSortedDepthFirstIterator; RecursiveCumSumTest; SortedDepthFirstIteratorTest; Function2]; [ConvexBranchesDecomposition.TrackBranchDecomposition]; [FromContinuousBranches]; [OutputFunction]; [SortedDepthFirstIterator.VisitColor]; [SortedDepthFirstIterator.Specifics]; [SortedDepthFirstIterator.DirectedSpecifics]; [SortedDepthFirstIterator.UndirectedSpecifics]; [StringFormater]; [TimeDirectedNeighborIndex.Neighbors]. LCC (Lack of Component Cohesion) = 0.48
TrackMate,fiji.plugin.trackmate.graph,Cyclic Dependency,The tool detected the smell in this component because this component participates in a cyclic dependency. The participating components in the cycle are: fiji.plugin.trackmate.graph; fiji.plugin.trackmate.visualization.trackscheme; fiji.plugin.trackmate.graph
TrackMate,fiji.plugin.trackmate.gui.components,Unstable Dependency,The tool detected the smell in this component because this component depends on other components that are less stable than itself. This component depends on following less stable component(s): fiji.plugin.trackmate.action; fiji.plugin.trackmate.features
TrackMate,fiji.plugin.trackmate.gui.components,Feature Concentration,The tool detected the smell in this component because the component realizes more than one architectural concern/feature. Independent sets of related classes within this component are: [ActionChooserPanel; LogPanel; ModuleChooserPanel]; [CategoryJComboBox; FeatureDisplaySelector; FilterGuiPanel; FilterPanel; InitFilterPanel; LogHistogramDataset; XYTextSimpleAnnotation; ConfigureViewsPanel]; [ConfigurationPanel]; [FeatureDisplaySelector.FeatureSelectorPanel]; [FeatureDisplaySelector.CanvasColor]; [FeaturePlotSelectionPanel; GrapherPanel]; [FeaturePlotSelectionPanel.PlotAction]; [FilterGuiPanel.ProgressBarLogger]; [FilterPanel.MyKeyListener]; [LogPanel.LogPanelLogger]; [ModuleChooserPanel.MyListCellRenderer]. LCC (Lack of Component Cohesion) = 0.52
TrackMate,fiji.plugin.trackmate.gui.components,Scattered Functionality,The tool detected the smell in this component because a set of two or more components realizes the same high-level architectural concern. Following components realize the same concern: fiji.plugin.trackmate; fiji.plugin.trackmate.action; fiji.plugin.trackmate.util; fiji.plugin.trackmate.providers.
TrackMate,fiji.plugin.trackmate.gui.components,Scattered Functionality,The tool detected the smell in this component because a set of two or more components realizes the same high-level architectural concern. Following components realize the same concern: fiji.plugin.trackmate; fiji.plugin.trackmate.util; fiji.plugin.trackmate.features.
TrackMate,fiji.plugin.trackmate.gui.components.detector,Feature Concentration,The tool detected the smell in this component because the component realizes more than one architectural concern/feature. Independent sets of related classes within this component are: [DogDetectorConfigurationPanel; LogDetectorConfigurationPanel]; [HessianDetectorConfigurationPanel]; [LabelImageDetectorConfigurationPanel; ThresholdDetectorConfigurationPanel; MaskDetectorConfigurationPanel]; [ManualDetectorConfigurationPanel]. LCC (Lack of Component Cohesion) = 0.57
TrackMate,fiji.plugin.trackmate.gui.components.detector,Scattered Functionality,The tool detected the smell in this component because a set of two or more components realizes the same high-level architectural concern. Following components realize the same concern: fiji.plugin.trackmate.util; fiji.plugin.trackmate.
TrackMate,fiji.plugin.trackmate.gui.components.tracker,Feature Concentration,The tool detected the smell in this component because the component realizes more than one architectural concern/feature. Independent sets of related classes within this component are: [AdvancedKalmanTrackerSettingsPanel; JPanelAdvancedKalmanTrackerSettingsMain; JPanelFeatureSelectionGui; JPanelTrackerSettingsMain; LAPTrackerSettingsPanel; JPanelFeaturePenalty]; [KalmanTrackerConfigPanel]; [NearestNeighborTrackerSettingsPanel]; [OverlapTrackerSettingsPanel]; [SimpleLAPTrackerSettingsPanel]. LCC (Lack of Component Cohesion) = 0.5
TrackMate,fiji.plugin.trackmate.gui.displaysettings,God Component,The tool detected the smell in this component because the component contains high number of classes. Number of classes in the component are: 36
TrackMate,fiji.plugin.trackmate.gui.displaysettings,Unstable Dependency,The tool detected the smell in this component because this component depends on other components that are less stable than itself. This component depends on following less stable component(s): fiji.plugin.trackmate.features.track; fiji.plugin.trackmate.gui.components; fiji.plugin.trackmate
TrackMate,fiji.plugin.trackmate.gui.displaysettings,Feature Concentration,The tool detected the smell in this component because the component realizes more than one architectural concern/feature. Independent sets of related classes within this component are: [BoundedValue; SliderPanel; SliderPanelDouble; StyleElements; StyleElements.IntElement; BoundedValueDouble; StyleElements.BoundedDoubleElement; ColorIcon; Colormap; ColormapIO; DisplaySettings; DisplaySettingsIO; DisplaySettingsPanel; StyleElements.ColormapRenderer; ConfigTrackMateDisplaySettings]; [BoundedValue.UpdateListener]; [BoundedValueDouble.UpdateListener]; [DisplaySettings.TrackDisplayMode]; [DisplaySettings.TrackMateObject]; [DisplaySettings.UpdateListener]; [DisplaySettingsIO.ColormapSerializer]; [DisplaySettingsIO.ColorSerializer]; [SliderPanelDouble.RangeListener]; [StyleElements.StyleElementVisitor]; [StyleElements.StyleElement]; [StyleElements.Separator]; [StyleElements.LabelElement]; [StyleElements.StringElement]; [StyleElements.EnumElement]; [StyleElements.ListElement]; [StyleElements.FeatureElement]; [StyleElements.ColorElement]; [StyleElements.BooleanElement]; [StyleElements.DoubleElement]; [StyleElements.ColormapElement]; [StyleElements.FontElement]. LCC (Lack of Component Cohesion) = 0.61
TrackMate,fiji.plugin.trackmate.gui.editor,Scattered Functionality,The tool detected the smell in this component because a set of two or more components realizes the same high-level architectural concern. Following components realize the same concern: fiji.plugin.trackmate; fiji.plugin.trackmate.util.
TrackMate,fiji.plugin.trackmate.gui,Unstable Dependency,The tool detected the smell in this component because this component depends on other components that are less stable than itself. This component depends on following less stable component(s): fiji.plugin.trackmate.util
TrackMate,fiji.plugin.trackmate.gui,Cyclic Dependency,The tool detected the smell in this component because this component participates in a cyclic dependency. The participating components in the cycle are: fiji.plugin.trackmate.gui; fiji.plugin.trackmate.util; fiji.plugin.trackmate.gui
TrackMate,fiji.plugin.trackmate.gui.wizard,Unstable Dependency,The tool detected the smell in this component because this component depends on other components that are less stable than itself. This component depends on following less stable component(s): fiji.plugin.trackmate.gui.wizard.descriptors; fiji.plugin.trackmate.gui.editor; fiji.plugin.trackmate.action
TrackMate,fiji.plugin.trackmate.gui.wizard,Feature Concentration,The tool detected the smell in this component because the component realizes more than one architectural concern/feature. Independent sets of related classes within this component are: [AbstractAnimator; TransitionAnimator; WizardPanel; WizardPanel.AnimatorPanel; WizardPanelDescriptor; WizardSequence; TrackMateWizardSequence; WizardController]; [TrackMateWizardSequence.LaunchTrackSchemeAction]; [TrackMateWizardSequence.ShowTrackTablesAction]; [TrackMateWizardSequence.ShowSpotTableAction]; [TransitionAnimator.Direction]. LCC (Lack of Component Cohesion) = 0.42
TrackMate,fiji.plugin.trackmate.gui.wizard.descriptors,Feature Concentration,The tool detected the smell in this component because the component realizes more than one architectural concern/feature. Independent sets of related classes within this component are: [ActionChooserDescriptor]; [ChooseDetectorDescriptor]; [ChooseTrackerDescriptor]; [ConfigureViewsDescriptor]; [ExecuteDetectionDescriptor]; [ExecuteTrackingDescriptor]; [GrapherDescriptor]; [InitFilterDescriptor]; [LogPanelDescriptor2]; [SaveDescriptor]; [SpotDetectorDescriptor]; [SpotFilterDescriptor]; [SpotTrackerDescriptor]; [StartDialogDescriptor]; [StartDialogDescriptor.RoiSettingsPanel]; [TrackFilterDescriptor]. LCC (Lack of Component Cohesion) = 1.0
TrackMate,fiji.plugin.trackmate.gui.wizard.descriptors,Scattered Functionality,The tool detected the smell in this component because a set of two or more components realizes the same high-level architectural concern. Following components realize the same concern: fiji.plugin.trackmate; fiji.plugin.trackmate.gui.components.
TrackMate,fiji.plugin.trackmate.gui.wizard.descriptors,Scattered Functionality,The tool detected the smell in this component because a set of two or more components realizes the same high-level architectural concern. Following components realize the same concern: fiji.plugin.trackmate.io; fiji.plugin.trackmate; fiji.plugin.trackmate.gui.components.
TrackMate,fiji.plugin.trackmate.gui.wizard.descriptors,Scattered Functionality,The tool detected the smell in this component because a set of two or more components realizes the same high-level architectural concern. Following components realize the same concern: fiji.plugin.trackmate; fiji.plugin.trackmate.gui.components; fiji.plugin.trackmate.providers; fiji.plugin.trackmate.util; fiji.plugin.trackmate.detection.
TrackMate,fiji.plugin.trackmate.gui.wizard.descriptors,Scattered Functionality,The tool detected the smell in this component because a set of two or more components realizes the same high-level architectural concern. Following components realize the same concern: fiji.plugin.trackmate; fiji.plugin.trackmate.gui.components; fiji.plugin.trackmate.util.
TrackMate,fiji.plugin.trackmate.io,Unstable Dependency,The tool detected the smell in this component because this component depends on other components that are less stable than itself. This component depends on following less stable component(s): fiji.plugin.trackmate.graph; fiji.plugin.trackmate.tracking.jaqaman; fiji.plugin.trackmate.features; fiji.plugin.trackmate.features.spot; fiji.plugin.trackmate.gui.wizard.descriptors; fiji.plugin.trackmate.visualization.trackscheme
TrackMate,fiji.plugin.trackmate.io,Feature Concentration,The tool detected the smell in this component because the component realizes more than one architectural concern/feature. Independent sets of related classes within this component are: [CSVExporter; TmXmlReader; IcyTrackFormatWriter; IOUtils; TmXmlWriter; SettingsPersistence]; [CSVExporter.SpotWriter]; [TGMMImporter]; [TmXmlKeys]. LCC (Lack of Component Cohesion) = 0.44
TrackMate,fiji.plugin.trackmate.io,Cyclic Dependency,The tool detected the smell in this component because this component participates in a cyclic dependency. The participating components in the cycle are: fiji.plugin.trackmate.io; fiji.plugin.trackmate.tracking.jaqaman; fiji.plugin.trackmate.io
TrackMate,fiji.plugin.trackmate.providers,Unstable Dependency,The tool detected the smell in this component because this component depends on other components that are less stable than itself. This component depends on following less stable component(s): fiji.plugin.trackmate.features.spot
TrackMate,fiji.plugin.trackmate.tracking.jaqaman.costmatrix,Feature Concentration,The tool detected the smell in this component because the component realizes more than one architectural concern/feature. Independent sets of related classes within this component are: [CostMatrixCreator; DefaultCostMatrixCreator; JaqamanLinkingCostMatrixCreator; JaqamanSegmentCostMatrixCreator; ResizableDoubleArray; SparseCostMatrix; SparseCostMatrixTest; GraphSegmentSplitter; LAPJV]; [DefaultCostMatrixCreator.Assignment]. LCC (Lack of Component Cohesion) = 0.2
TrackMate,fiji.plugin.trackmate.tracking.jaqaman,Unstable Dependency,The tool detected the smell in this component because this component depends on other components that are less stable than itself. This component depends on following less stable component(s): fiji.plugin.trackmate.tracking.jaqaman.costmatrix
TrackMate,fiji.plugin.trackmate.tracking.jaqaman,Feature Concentration,The tool detected the smell in this component because the component realizes more than one architectural concern/feature. Independent sets of related classes within this component are: [JaqamanLinker; SegmentTracker; SparseLAPFrameToFrameTracker; SparseLAPTracker; LAPUtils; SegmentTrackerFactory; SparseLAPTrackerFactory]; [SimpleSparseLAPTrackerFactory]. LCC (Lack of Component Cohesion) = 0.25
TrackMate,fiji.plugin.trackmate.tracking.jaqaman,Scattered Functionality,The tool detected the smell in this component because a set of two or more components realizes the same high-level architectural concern. Following components realize the same concern: fiji.plugin.trackmate; fiji.plugin.trackmate.tracking.jaqaman.costmatrix.
TrackMate,fiji.plugin.trackmate.tracking.jaqaman,Cyclic Dependency,The tool detected the smell in this component because this component participates in a cyclic dependency. The participating components in the cycle are: fiji.plugin.trackmate.tracking.jaqaman; fiji.plugin.trackmate.tracking.jaqaman.costmatrix; fiji.plugin.trackmate.tracking.jaqaman
TrackMate,fiji.plugin.trackmate.tracking.kalman,Feature Concentration,The tool detected the smell in this component because the component realizes more than one architectural concern/feature. Independent sets of related classes within this component are: [AdvancedKalmanTracker; KalmanTracker; KalmanTrackerInteractiveTest; KalmanTrackerInteractiveTest2; KalmanTrackerInteractiveTest3; CVMKalmanFilter]; [AdvancedKalmanTrackerFactory]; [KalmanTrackerFactory]. LCC (Lack of Component Cohesion) = 0.38
TrackMate,fiji.plugin.trackmate.tracking.kalman,Scattered Functionality,The tool detected the smell in this component because a set of two or more components realizes the same high-level architectural concern. Following components realize the same concern: fiji.plugin.trackmate.gui.displaysettings; fiji.plugin.trackmate; fiji.plugin.trackmate.features.track; fiji.plugin.trackmate.visualization.hyperstack; fiji.plugin.trackmate.visualization.trackscheme.
TrackMate,fiji.plugin.trackmate.tracking.kdtree,Cyclic Dependency,The tool detected the smell in this component because this component participates in a cyclic dependency. The participating components in the cycle are: fiji.plugin.trackmate.tracking.kdtree; fiji.plugin.trackmate.util; fiji.plugin.trackmate.tracking.kdtree
TrackMate,fiji.plugin.trackmate.tracking,Unstable Dependency,The tool detected the smell in this component because this component depends on other components that are less stable than itself. This component depends on following less stable component(s): fiji.plugin.trackmate.gui.components
TrackMate,fiji.plugin.trackmate.util,God Component,The tool detected the smell in this component because the component contains high number of classes. Number of classes in the component are: 36
TrackMate,fiji.plugin.trackmate.util,Unstable Dependency,The tool detected the smell in this component because this component depends on other components that are less stable than itself. This component depends on following less stable component(s): fiji.plugin.trackmate.detection; fiji.plugin.trackmate.features; fiji.plugin.trackmate.visualization.table; fiji.plugin.trackmate.tracking.kdtree; fiji.plugin.trackmate.gui.components; fiji.plugin.trackmate.graph
TrackMate,fiji.plugin.trackmate.util,Feature Concentration,The tool detected the smell in this component because the component realizes more than one architectural concern/feature. Independent sets of related classes within this component are: [AlphanumComparator]; [ChartExporter; ExportableChartPanel; ExportableChartValueTable; FileChooser; ChartEporterExample]; [DefaultFileFilter]; [DefaultFileFilter.ImageFileFilter]; [DefaultFileFilter.EditorFileFilter]; [DetectionPreview; DetectionPreviewPanel; JLabelLogger; QualityHistogramChart; Threads; TMUtils; SpotNeighborhood; SpotNeighborhoodCursor; SpotUtil]; [DetectionPreview.Builder]; [EverythingDisablerAndReenabler]; [FileChooser.DialogType]; [FileChooser.SelectionMode]; [ImageHelper]; [JLabelLogger.LoggerInJLabel]; [LogRecorder]; [ModelTools]; [OnRequestUpdater]; [OnRequestUpdater.Refreshable]; [PainterThread]; [PainterThread.Paintable]; [QualityHistogramChart.MyKeyListener]; [SpotUtil.SpotRoiIterable]; [SpotUtil.MyCursor]; [TrackNavigator]; [WrapLayout]; [SpotRoiIterableTest]. LCC (Lack of Component Cohesion) = 0.67
TrackMate,fiji.plugin.trackmate.util,Scattered Functionality,The tool detected the smell in this component because a set of two or more components realizes the same high-level architectural concern. Following components realize the same concern: fiji.plugin.trackmate.graph; fiji.plugin.trackmate.
TrackMate,fiji.plugin.trackmate.util,Cyclic Dependency,The tool detected the smell in this component because this component participates in a cyclic dependency. The participating components in the cycle are: fiji.plugin.trackmate.util; fiji.plugin.trackmate.visualization.table; fiji.plugin.trackmate.util
TrackMate,fiji.plugin.trackmate.util.cli,God Component,The tool detected the smell in this component because the component contains high number of classes. Number of classes in the component are: 34
TrackMate,fiji.plugin.trackmate.util.cli,Feature Concentration,The tool detected the smell in this component because the component realizes more than one architectural concern/feature. Independent sets of related classes within this component are: [CLIConfigurator; CliGuiBuilder; CommandBuilder; CommandCLIConfigurator; CondaCLIConfigurator; CondaExecutableCLIConfigurator; TrackMateSettingsBuilder; ExampleCommandCLI; CLIUtils; CondaPathConfigCommand]; [CLIConfigurator.SelectableArguments]; [CLIConfigurator.ArgumentVisitor]; [CLIConfigurator.Adder]; [CLIConfigurator.BoundedAdder]; [CLIConfigurator.IntAdder]; [CLIConfigurator.DoubleAdder]; [CLIConfigurator.FlagAdder]; [CLIConfigurator.StringAdder]; [CLIConfigurator.PathAdder]; [CLIConfigurator.ChoiceAdder]; [CLIConfigurator.Flag]; [CLIConfigurator.PathArgument]; [CLIConfigurator.StringArgument]; [CLIConfigurator.AbstractStringArgument]; [CLIConfigurator.IntArgument]; [CLIConfigurator.DoubleArgument]; [CLIConfigurator.ChoiceArgument]; [CLIConfigurator.BoundedValueArgument]; [CLIConfigurator.Argument]; [CliGuiBuilder.CliConfigPanel]; [CLIUtils.LoggerTailerListener]; [CommandCLIConfigurator.ExecutablePath]; [CommonTrackMateArguments]; [CondaCLIConfigurator.CondaEnvironmentCommand]. LCC (Lack of Component Cohesion) = 0.74
TrackMate,fiji.plugin.trackmate.visualization,Unstable Dependency,The tool detected the smell in this component because this component depends on other components that are less stable than itself. This component depends on following less stable component(s): fiji.plugin.trackmate.features.track
TrackMate,fiji.plugin.trackmate.visualization,Scattered Functionality,The tool detected the smell in this component because a set of two or more components realizes the same high-level architectural concern. Following components realize the same concern: fiji.plugin.trackmate; fiji.plugin.trackmate.gui.displaysettings.
TrackMate,fiji.plugin.trackmate.visualization.hyperstack,Unstable Dependency,The tool detected the smell in this component because this component depends on other components that are less stable than itself. This component depends on following less stable component(s): fiji.plugin.trackmate.detection.semiauto
TrackMate,fiji.plugin.trackmate.visualization.hyperstack,Feature Concentration,The tool detected the smell in this component because the component realizes more than one architectural concern/feature. Independent sets of related classes within this component are: [HyperStackDisplayer; HyperStackDisplayerFactory; SpotEditTool; SpotEditToolConfigPanel; SpotOverlay; TrackOverlay; ModelEditActions]; [SpotEditTool.SpotEditToolParams]; [SpotEditTool.MyLogger]. LCC (Lack of Component Cohesion) = 0.33
TrackMate,fiji.plugin.trackmate.visualization.hyperstack,Scattered Functionality,The tool detected the smell in this component because a set of two or more components realizes the same high-level architectural concern. Following components realize the same concern: fiji.plugin.trackmate; fiji.plugin.trackmate.gui.displaysettings.
TrackMate,fiji.plugin.trackmate.visualization.table,Feature Concentration,The tool detected the smell in this component because the component realizes more than one architectural concern/feature. Independent sets of related classes within this component are: [AllSpotsTableView; TablePanel; TrackTableView; ExportTableToCSVExample; BranchTableView; BranchTableView.BranchTableSelectionListener]; [AllSpotsTableView.SpotTableSelectionListener]; [BranchTableView.Branch]; [TablePanel.MyTableToolTipProvider]; [TablePanel.MyTableModel]; [TablePanel.MyTableCellRenderer]; [TablePanel.MyColorEditor]; [TablePanel.MyLabelEditor]; [TrackTableView.SpotTableSelectionListener]; [TrackTableView.EdgeTableSelectionListener]; [TrackTableView.TrackTableSelectionListener]; [TrackMateTableExample]. LCC (Lack of Component Cohesion) = 0.71
TrackMate,fiji.plugin.trackmate.visualization.table,Scattered Functionality,The tool detected the smell in this component because a set of two or more components realizes the same high-level architectural concern. Following components realize the same concern: fiji.plugin.trackmate; fiji.plugin.trackmate.gui.displaysettings.
TrackMate,fiji.plugin.trackmate.visualization.trackscheme,Scattered Functionality,The tool detected the smell in this component because a set of two or more components realizes the same high-level architectural concern. Following components realize the same concern: fiji.plugin.trackmate; fiji.plugin.trackmate.gui.displaysettings.
TrackMate,fiji.plugin.trackmate.features.edge,Feature Concentration,The tool detected the smell in this component because the component realizes more than one architectural concern/feature. Independent sets of related classes within this component are: [EdgeTargetAnalyzerTest]; [EdgeTargetAnalyzerTest.TestEdgeTargetAnalyzer]; [EdgeTimeAndLocationAnalyzerTest]; [EdgeTimeAndLocationAnalyzerTest.TestEdgeTimeLocationAnalyzer]; [EdgeVelocityAnalyzerTest]; [EdgeVelocityAnalyzerTest.TestEdgeVelocityAnalyzer]. LCC (Lack of Component Cohesion) = 1.0
TrackMate,fiji.plugin.trackmate.features.edge,Scattered Functionality,The tool detected the smell in this component because a set of two or more components realizes the same high-level architectural concern. Following components realize the same concern: fiji.plugin.trackmate; fiji.plugin.trackmate.features.edges.
TrackMate,fiji.plugin.trackmate.interactivetests,Feature Concentration,The tool detected the smell in this component because the component realizes more than one architectural concern/feature. Independent sets of related classes within this component are: [ConcurrentSpotTestDrive]; [DogDetectorPerformance]; [GraphTest; TrackLayoutTest]; [HyperStackDisplayerTestDrive]; [LogDetectorPerformance]; [NNTrackerTest]; [SpotFeatureGrapherExample]; [SpotNeighborhoodTest]; [SubpixelLocalizationBugTest]; [TmXmlReaderTestDrive]; [TrackSchemeTestDrive]. LCC (Lack of Component Cohesion) = 0.92
TrackMate,fiji.plugin.trackmate.interactivetests,Scattered Functionality,The tool detected the smell in this component because a set of two or more components realizes the same high-level architectural concern. Following components realize the same concern: fiji.plugin.trackmate; fiji.plugin.trackmate.graph.
